Cuerpo,Emisor,Receptor,Asunto,Fecha,Leido
Cuerpo de prueba 4,ahoffmann@itba.edu.ar,fmutz@itba.edu.ar,Prueba 4,2023-06-01 12:00:00.000001,False
Cuerpo de prueba 5,ahoffmann@itba.edu.ar,fmutz@itba.edu.ar,Prueba 5,2020-06-01 12:00:00.000001,False
Cuerpo de prueba 1,fmutz@itba.edu.ar,ahoffmann@itba.edu.ar,Prueba 1,2022-07-01 12:00:00.000001,False
Cuerpo de prueba 2,fmutz@itba.edu.ar,ahoffmann@itba.edu.ar,Prueba 2,2022-12-01 12:00:00.000001,False
probando,fmutz@itba.edu.ar,ahoffmann@itba.edu.ar,Hola,2024-11-11 15:23:15.489181,False
